product Url,product Title,product Brand,product Price,product Image Url,product Ref
https://satoriz-comboire.bio/collections/boissons-sans-alcools/products/in1,Boisson Riz Nature Lt,Le bio pour tous,"€1,40",//cdn.shopify.com/s/files/1/0270/6961/2126/products/e24e00a882d400424a80158adb394430_300x300.jpg?v=1664754253,IN1
https://satoriz-comboire.bio/collections/boissons-sans-alcools/products/lbt235,Boisson Amande Lt,Le bio pour tous,"€2,65",//cdn.shopify.com/s/files/1/0270/6961/2126/products/079278bc63c02e75b10b17775fee0ab8_300x300.jpg?v=1664754139,LBT235
https://satoriz-comboire.bio/collections/boissons-sans-alcools/products/lbt211,Boisson Riz Lithothamne Lt,Le bio pour tous,"€1,50",//cdn.shopify.com/s/files/1/0270/6961/2126/products/2d0dffd2f4fbe859673f4368b6c8c7c4_300x300.jpg?v=1664754242,LBT211
https://satoriz-comboire.bio/collections/boissons-sans-alcools/products/lbt259,Boisson Avoine Lt,Le bio pour tous,"€1,50",//cdn.shopify.com/s/files/1/0270/6961/2126/products/5b0d1c1822b8130c1b02046f61db21d0_300x300.jpg?v=1664754159,LBT259
https://satoriz-comboire.bio/collections/boissons-sans-alcools/products/bt383503,Boisson Riz Epeautre Noisette Lt,Bonneterre,"€2,75",//cdn.shopify.com/s/files/1/0270/6961/2126/products/17448f3da463bc93fb89a04c923c4e33_300x300.jpg?v=1664754239,BT383503
https://satoriz-comboire.bio/collections/boissons-sans-alcools/products/tb1,Boisson Riz Lt,The bridge,"€1,55",//cdn.shopify.com/s/files/1/0270/6961/2126/products/5197c03b003bf8bf858c96ed007dac4f_300x300.jpg?v=1664754246,TB1
https://satoriz-comboire.bio/collections/boissons-sans-alcools/products/tb10,Boisson Avoine Plus Lt,The bridge,"€1,95",//cdn.shopify.com/s/files/1/0270/6961/2126/products/2653381369042eb084cb31fdce51344f_300x300.jpg?v=1664754166,TB10
https://satoriz-comboire.bio/collections/boissons-sans-alcools/products/tb26,Boisson Riz Coco Lt,The bridge,"€2,10",//cdn.shopify.com/s/files/1/0270/6961/2126/products/ca4ad32804f727649c6a79f090f5416f_300x300.jpg?v=1664754231,TB26
https://satoriz-comboire.bio/collections/boissons-sans-alcools/products/re40239,Boisson Avoine Lithothamne Lt,Le bio pour tous,"€1,60",//cdn.shopify.com/s/files/1/0270/6961/2126/products/c2df33481195e93f57bd482ade888a1a_300x300.jpg?v=1664754156,RE40239
https://satoriz-comboire.bio/collections/boissons-sans-alcools/products/aa0109,Biosoy Vanille Lt,Soy,"€2,25",//cdn.shopify.com/s/files/1/0270/6961/2126/products/4f37772c3fcc9a6bfbbd12ff9c0f72cb_300x300.jpg?v=1664753816,AA0109
https://satoriz-comboire.bio/collections/boissons-sans-alcools/products/lbt242,Boisson Riz Amande Lt,Le bio pour tous,"€1,95",//cdn.shopify.com/s/files/1/0270/6961/2126/products/e8654ba147997e188492f0f0d6261324_300x300.jpg?v=1664754211,LBT242
https://satoriz-comboire.bio/collections/boissons-sans-alcools/products/aa0100,Biosoy Nature Lt,Soy,"€1,50",//cdn.shopify.com/s/files/1/0270/6961/2126/products/54cc1213036ee17bc3c5ed8fe18ffe2c_300x300.jpg?v=1664753803,AA0100
https://satoriz-comboire.bio/collections/boissons-sans-alcools/products/tb21,Boisson Riz Noisette Lt,The bridge,"€2,35",//cdn.shopify.com/s/files/1/0270/6961/2126/products/c608bb813dd82444af5e74762a6307ff_300x300.jpg?v=1664754256,TB21
https://satoriz-comboire.bio/collections/boissons-sans-alcools/products/tb9,Rice Drink Plus Lt,The bridge,"€1,80",//cdn.shopify.com/s/files/1/0270/6961/2126/products/90afb754de10d92887ee4c319fe4b6e8_300x300.jpg?v=1664775096,TB9
https://satoriz-comboire.bio/collections/boissons-sans-alcools/products/re41456,Boisson Amande Ss Sucre Lt,Le bio pour tous,"€2,35",//cdn.shopify.com/s/files/1/0270/6961/2126/products/4c67cf86f7328fd62f83cde5e40d63a7_300x300.jpg?v=1664754142,RE41456
https://satoriz-comboire.bio/collections/boissons-sans-alcools/products/tb15,Boisson Riz Cacao Lt,The bridge,"€1,95",//cdn.shopify.com/s/files/1/0270/6961/2126/products/6897d69470750bead6a8191f71e8790a_300x300.jpg?v=1664754221,TB15
https://satoriz-comboire.bio/collections/boissons-sans-alcools/products/aa212387,Biosoy Nature 500 Ml,Soy,"€2,40",//cdn.shopify.com/s/files/1/0270/6961/2126/products/2bf2b3741005dec46943b38d32094461_300x300.jpg?v=1664753799,AA212387
https://satoriz-comboire.bio/collections/boissons-sans-alcools/products/tb2,Boisson Riz Amande Lt,The bridge,"€1,95",//cdn.shopify.com/s/files/1/0270/6961/2126/products/717fc36a11c30e8854ee99394f85c8a2_300x300.jpg?v=1664754215,TB2
https://satoriz-comboire.bio/collections/boissons-sans-alcools/products/pera6901,Amandina Sans Sucre 500 Ml,Perlamande,"€4,10",//cdn.shopify.com/s/files/1/0270/6961/2126/products/e416aee591b2032d1d26f9285c2b80f2_300x300.jpg?v=1664752189,PERA6901
https://satoriz-comboire.bio/collections/boissons-sans-alcools/products/tb5,Boisson Riz Vanille Lt,The bridge,"€1,80",//cdn.shopify.com/s/files/1/0270/6961/2126/products/e21121f8c7838bd244b2e87556bb3ede_300x300.jpg?v=1664754260,TB5
https://satoriz-comboire.bio/collections/boissons-sans-alcools/products/bt3015363,Boisson Millet Amande Noisette Lt,Bonneterre,"€3,65",//cdn.shopify.com/s/files/1/0270/6961/2126/products/80750e8fc7b9b19a1dace6d8b400dd73_300x300.jpg?v=1664754182,BT3015363
https://satoriz-comboire.bio/collections/boissons-sans-alcools/products/pera822,Amandina Lt,Perlamande,"€3,40",//cdn.shopify.com/s/files/1/0270/6961/2126/products/67e3d73650e833e9d48fb33714fd0e9f_300x300.jpg?v=1664752186,PERA822
https://satoriz-comboire.bio/collections/boissons-sans-alcools/products/tb14,Boisson Epeautre Lt,The bridge,"€1,95",//cdn.shopify.com/s/files/1/0270/6961/2126/products/98c57dd895230f926af085ddc36cfbc2_300x300.jpg?v=1664754174,TB14
https://satoriz-comboire.bio/collections/boissons-sans-alcools/products/aa7060,Biosoy Chocolat Lt,Soy,"€2,65",//cdn.shopify.com/s/files/1/0270/6961/2126/products/7a74a705c4abfaa51a4a16654bba5f1b_300x300.jpg?v=1664753796,AA7060
https://satoriz-comboire.bio/collections/boissons-sans-alcools/products/tb3,Boisson Avoine Nature Lt,The bridge,"€1,80",//cdn.shopify.com/s/files/1/0270/6961/2126/products/6ccac4409dde79b9c25605be88c98b76_300x300.jpg?v=1664754162,TB3
https://satoriz-comboire.bio/collections/boissons-sans-alcools/products/pera824,Amandina Choko Lt,Perlamande,"€4,25",//cdn.shopify.com/s/files/1/0270/6961/2126/products/56061125247e3e09defb2ba6da69914b_300x300.jpg?v=1664752179,PERA824
https://satoriz-comboire.bio/collections/boissons-sans-alcools/products/pera6902aa,Amandina 500 Ml,Perlamande,"€4,10",//cdn.shopify.com/s/files/1/0270/6961/2126/products/b722eaf457ac2c15968a60eee96e0e74_300x300.jpg?v=1664752173,PERA6902AA
https://satoriz-comboire.bio/collections/boissons-sans-alcools/products/aa7062,Biosoy Chocolat 20cl,Soy,"€4,95",//cdn.shopify.com/s/files/1/0270/6961/2126/products/4643c0270b3084f7856a9af7b4be3f46_300x300.jpg?v=1664753793,AA7062
https://satoriz-comboire.bio/collections/boissons-sans-alcools/products/tb27,Boisson Riz 250 Ml,The bridge,"€3,00",//cdn.shopify.com/s/files/1/0270/6961/2126/products/68351a97122022116fc29e8a6b5857de_300x300.jpg?v=1664754205,TB27
https://satoriz-comboire.bio/collections/boissons-sans-alcools/products/aa1265,Biosoy Petit Epeautre Noisette Lt,Soy,"€2,85",//cdn.shopify.com/s/files/1/0270/6961/2126/products/6b361922837ed71d30edcda420a1f154_300x300.jpg?v=1664753807,AA1265
https://satoriz-comboire.bio/collections/boissons-sans-alcools/products/tb28,Boisson Riz Amande 250 Ml,The bridge,"€3,40",//cdn.shopify.com/s/files/1/0270/6961/2126/products/4ccdecf71782501d23d68a879468d50e_300x300.jpg?v=1664754208,TB28
https://satoriz-comboire.bio/collections/boissons-sans-alcools/products/bt712249,Boisson Riz Chataigne Avoine  1 Lt Bonneterre,Bonneterre,"€3,35",//cdn.shopify.com/s/files/1/0270/6961/2126/products/19053672f0fbda95e4c8a8eb5f0bdae3_300x300.jpg?v=1664754224,BT712249
https://satoriz-comboire.bio/collections/boissons-sans-alcools/products/pera826,Noisettina Lt,Perlamande,"€4,10",//cdn.shopify.com/s/files/1/0270/6961/2126/products/334e57148cee00eebca85d38f714ffd4_300x300.jpg?v=1664770615,PERA826
https://satoriz-comboire.bio/collections/boissons-sans-alcools/products/fr17700,Boisson Chanvre Nature Lt,Sojade,"€2,95",//cdn.shopify.com/s/files/1/0270/6961/2126/products/0cc9556d5b6d1159644f5fb0e96e82c2_300x300.jpg?v=1664754169,FR17700
https://satoriz-comboire.bio/collections/boissons-sans-alcools/products/aa206308,Biosoy Vanille 20 Cl,Soy,"€4,95",//cdn.shopify.com/s/files/1/0270/6961/2126/products/5feaae5701d751127384b035f5c5c296_300x300.jpg?v=1664753813,AA206308
https://satoriz-comboire.bio/collections/boissons-sans-alcools/products/re34191,Rice Drink Coco Lt,Lima,"€2,20",//cdn.shopify.com/s/files/1/0270/6961/2126/products/225f2d8a485143b2fdb20f158a21841e_300x300.jpg?v=1664775084,RE34191
https://satoriz-comboire.bio/collections/boissons-sans-alcools/products/pu7841268,Rice Drink Nois/Amande Lt,Lima,"€2,85",//cdn.shopify.com/s/files/1/0270/6961/2126/products/ade6ef24c68b3e480c814413bbb0013b_300x300.jpg?v=1664775093,PU7841268
https://satoriz-comboire.bio/collections/boissons-sans-alcools/products/pera825,Amandina Choko 200ml,Perlamande,"€7,75",//cdn.shopify.com/s/files/1/0270/6961/2126/products/66a0ce2d54d005b3856651b58d5ba170_300x300.jpg?v=1664752176,PERA825
https://satoriz-comboire.bio/collections/boissons-sans-alcools/products/tb16,Boisson Amande Intense Lt,The bridge,"€3,85",//cdn.shopify.com/s/files/1/0270/6961/2126/products/82022f955a65fc45d898a5dd0ec75095_300x300.jpg?v=1664754135,TB16
https://satoriz-comboire.bio/collections/boissons-sans-alcools/products/tb29,Boisson Riz Cacao 250 Ml,The bridge,"€3,40",//cdn.shopify.com/s/files/1/0270/6961/2126/products/37070464c2325e3f06db0e89d267af82_300x300.jpg?v=1664754218,TB29
https://satoriz-comboire.bio/collections/boissons-sans-alcools/products/tb30,Boisson Riz Coco 250 Ml,The bridge,"€2,93",//cdn.shopify.com/s/files/1/0270/6961/2126/products/b6bd88a5d39adb259e88392522e73d97_300x300.jpg?v=1664754228,TB30
https://satoriz-comboire.bio/collections/boissons-sans-alcools/products/bt3014761,Boisson Riz Millet Macadamia Lt,Bonneterre,"€3,60",//cdn.shopify.com/s/files/1/0270/6961/2126/products/89c5155e2a1d45a053178e4fee32c08c_300x300.jpg?v=1664754249,BT3014761
https://satoriz-comboire.bio/collections/boissons-sans-alcools/products/hemilk,Milkherve 300g,Jean herve,"€35,67",//cdn.shopify.com/s/files/1/0270/6961/2126/products/ce54701b4487cccb75e8880021b405be_300x300.jpg?v=1664769573,HEMILK
https://satoriz-comboire.bio/collections/boissons-sans-alcools/products/re42123,Boisson Epeautre Lt,Le bio pour tous,"€1,75",//cdn.shopify.com/s/files/1/0270/6961/2126/products/a3b294102a57df9b7cd73d98940bc83b_300x300.jpg?v=1664754177,RE42123
https://satoriz-comboire.bio/collections/boissons-sans-alcools/products/aa6371,Biosoy Riz Complet Nature Lt,Soy,"€2,25",//cdn.shopify.com/s/files/1/0270/6961/2126/products/f51781440272d67d7e5fb09b3e8fa386_300x300.jpg?v=1664753810,AA6371
https://satoriz-comboire.bio/collections/boissons-sans-alcools/products/re35322,Oat Avoine Drink Ss Gluten Lt,Lima,"€2,10",//cdn.shopify.com/s/files/1/0270/6961/2126/products/3e1f7f000adaee0ed3a4a3d1c7ca1ad6_300x300.jpg?v=1664770791,RE35322
https://satoriz-comboire.bio/collections/boissons-sans-alcools/products/re42896,Boisson Soja Nature Lt,Le bio pour tous,"€1,35",,RE42896
https://satoriz-comboire.bio/collections/boissons-sans-alcools/products/pera6901l,Amandina Sans Sucre Lt,Perlamande,"€3,95",//cdn.shopify.com/s/files/1/0270/6961/2126/products/20a57de078e67b72a1609ea25f1458a7_300x300.jpg?v=1664752192,PERA6901L
https://satoriz-comboire.bio/collections/boissons-sans-alcools/products/bt3029903,Amande Intense 200 Ml,Bonneterre,"€8,75",//cdn.shopify.com/s/files/1/0270/6961/2126/products/31ebdb191524fe7e47bc668e81d63157_300x300.jpg?v=1664752106,BT3029903
https://satoriz-comboire.bio/collections/boissons-sans-alcools/products/lbt228,Boisson Riz Coco Lt,Le bio pour tous,"€2,05",//cdn.shopify.com/s/files/1/0270/6961/2126/products/2759c20fdd1a7b1f194159c771a9d908_300x300.jpg?v=1664754234,LBT228
https://satoriz-comboire.bio/collections/boissons-sans-alcools/products/tb22,Boisson Quinoa Lt,The bridge,"€2,25",//cdn.shopify.com/s/files/1/0270/6961/2126/products/481dc8ba5a8128622d978eb141a2d8fb_7115c50e-0d3b-4f6e-a73d-196613acf064_300x300.jpg?v=1664754202,TB22
https://satoriz-comboire.bio/collections/boissons-sans-alcools/products/re43171,Boisson Trio Vegetale Lt,LE BIO POUR TOUS,"€2,05",,RE43171
https://satoriz-comboire.bio/collections/boissons-sans-alcools/products/bt3032897,Boisson Avoine Concentree 500 Ml,Bonneterre,"€2,30",,BT3032897
https://satoriz-comboire.bio/collections/boissons-sans-alcools/products/re29556p,Lot Oat Avoine Drink 2 X1lt,Non renseigné,"€1,43",,RE29556P
https://satoriz-comboire.bio/collections/boissons-sans-alcools/products/re34744,Lait Coco Poudre 400 G,La mandorle,"€36,50",//cdn.shopify.com/s/files/1/0270/6961/2126/products/4858fff1dcec7be12106140bd81f7614_300x300.jpg?v=1664767436,RE34744
https://satoriz-comboire.bio/collections/boissons-sans-alcools/products/fr018823,Boisson So Avoine France Lt,Sojade,"€2,05",//cdn.shopify.com/s/files/1/0270/6961/2126/products/d1f1fc71cc73a9c51b14b7e9831546e7_300x300.jpg?v=1664754263,FR018823
https://satoriz-comboire.bio/collections/boissons-sans-alcools/products/pu7841255,Rice Drink Lt,Lima,"€1,85",//cdn.shopify.com/s/files/1/0270/6961/2126/products/d4cccff1483d3cace1cc11a48306b055_300x300.jpg?v=1664775087,PU7841255
https://satoriz-comboire.bio/collections/boissons-sans-alcools/products/pu7841253,Rice Drink Natural Lt,Lima,"€1,65",//cdn.shopify.com/s/files/1/0270/6961/2126/products/165fe95cf3d5d6a10b8a34693578fb5c_300x300.jpg?v=1664775090,PU7841253
https://satoriz-comboire.bio/collections/boissons-sans-alcools/products/pu7841259,Rice Drink 200ml,Lima,"€4,00",//cdn.shopify.com/s/files/1/0270/6961/2126/products/5898dc8f90b405d8e13f3f71bd9e983f_300x300.jpg?v=1664775076,PU7841259
https://satoriz-comboire.bio/collections/boissons-sans-alcools/products/pu7841258,Rice Drink 500ml,Lima,"€2,80",//cdn.shopify.com/s/files/1/0270/6961/2126/products/50ab05236aae5d56ce98da28fa1996a4_300x300.jpg?v=1664775079,PU7841258
https://satoriz-comboire.bio/collections/boissons-sans-alcools/products/re28209,Lait Amande Ferments Lactiques Poudre 400 G,La mandorle,"€48,88",//cdn.shopify.com/s/files/1/0270/6961/2126/products/5e2b8a1777392a93305a0d05fd1ac5c6_300x300.jpg?v=1664767393,RE28209
https://satoriz-comboire.bio/collections/boissons-sans-alcools/products/re28208,Lait Amande Chataigne Poudre 400 G,La mandorle,"€44,13",//cdn.shopify.com/s/files/1/0270/6961/2126/products/da488a05abacde60db60057fa8151ec7_300x300.jpg?v=1664767389,RE28208
https://satoriz-comboire.bio/collections/boissons-sans-alcools/products/re28206,Lait Amande Poudre 400 G,La mandorle,"€47,13",//cdn.shopify.com/s/files/1/0270/6961/2126/products/e5d3de6fb29da54813e8bee40ed9b33a_300x300.jpg?v=1664767396,RE28206
